"",300100188392205,300100176763002,S_LeadName15,77,RWS,CA,USA,ORG_CONTACT,CONTACT,999997826070651,USD,58,""
S_LeadNumber17,300100188392205,300100176763002,S_LeadName17,54,RWS,CA,USA,"",CONTACT,999997826070651,USD,34,""
"",300100188392205,300100176735708,S_LeadName97,40,RWS,CA,USA,ORG_CONTACT,CONTACT,999997826070651,USD,10,""
"",300100188392205,300100176735708,S_LeadName247,47,RWS,CA,USA,ORG_CONTACT,CONTACT,999997826070634,USD,19,""
"",300100188392205,300100176735708,S_LeadName447,56,RWS,CA,USA,ORG_CONTACT,CONTACT,999997826071017,USD,89,""
"",300100188392205,300100176735708,S_LeadName872,60,RWS,CA,USA,ORG_CONTACT,CONTACT,100000011628005,USD,91,""
"",300100188392205,300100176735708,S_LeadName1347,29,RWS,CA,USA,ORG_CONTACT,CONTACT,999997826070692,USD,14,""
"",300100188392205,300100176735708,S_LeadName1722,32,RWS,CA,USA,ORG_CONTACT,CONTACT,999997826070692,USD,62,""
"",300100188392205,300100176735708,S_LeadName2222,13,RWS,CA,USA,ORG_CONTACT,CONTACT,999997826071072,USD,20,""
"",300100188392205,300100176735708,S_LeadName2872,95,RWS,CA,USA,ORG_CONTACT,CONTACT,999997826071072,USD,10,""
"",300100188392205,300100176735708,S_LeadName3472,55,RWS,CA,USA,ORG_CONTACT,CONTACT,999997826071072,USD,30,""
"",300100188392205,300100176735708,S_LeadName4072,15,RWS,CA,USA,ORG_CONTACT,CONTACT,999997826071072,USD,20,""
"",300100188392205,300100176735708,S_LeadName5372,45,RWS,CA,USA,ORG_CONTACT,CONTACT,999997826070651,USD,36,""
"",300100188392205,300100176735708,S_LeadName6947,61,RWS,CA,USA,ORG_CONTACT,CONTACT,999997826070651,USD,97,""
"",300100188392205,300100176735708,S_LeadName8347,74,RWS,CA,USA,ORG_CONTACT,CONTACT,999997826070651,USD,29,""
"",300100188392205,300100176735708,S_LeadName10397,3,RWS,CA,USA,ORG_CONTACT,CONTACT,999997826070692,USD,94,""
"",300100188392205,300100176735708,S_LeadName11497,22,RWS,CA,USA,ORG_CONTACT,CONTACT,999997826071065,USD,8,""
"",300100188392205,300100176735708,S_LeadName12647,66,RWS,CA,USA,ORG_CONTACT,CONTACT,999997826071065,USD,65,""
"",300100188392205,300100176735708,S_LeadName14022,29,RWS,CA,USA,ORG_CONTACT,CONTACT,999997826071065,USD,63,""
